title,description,publishedAt,source,Sentiment,NewsImpact
All about U.S Congress’s new bill and its intent to protect open-source developers,Congress is advancing developer protections as BRCA and other crypto bills reshape U.S policy.,2026-02-28T03:00:24Z,Ambcrypto.com,0.3818,0.5249713345659394
The Distribution Trap: Why Bitcoin’s Reserve Growth Proves Sellers Still Hold The Tape,"Bitcoin has reclaimed the $66,000 level and is now attempting to consolidate above it in order to extend its recovery. The move has improved short-term momentum, but structural signals suggest that upside conviction remains fragile. Holding above $66K is tech…",2026-02-28T03:00:02Z,newsBTC,0.0772,0.09616445118693287
Morgan Stanley applies for OCC bank charter to custody crypto,"The Wall Street banking giant has been accelerating its foray into crypto, filing to launch Bitcoin, Ether and Solana ETFs in January.",2026-02-28T02:05:40Z,Cointelegraph,0.0,0.0
Bitcoin Manipulation By Jane Street? Ex-Wall Street Market Maker Says No,"The latest Jane Street debate on X is meeting a blunt rebuttal from Ari Paul. The BlockTower founder, who says he used to work as a Wall Street market maker 15 years ago, argues that Bitcoin’s failure to push higher is better explained by spot sell-side than …",2026-02-28T02:00:30Z,newsBTC,-0.5267,0.5678801977614639
"Ethereum’s Market Order Imbalance Hits Record Negatives: $1,850 Is Now The Line In The Sand","Ethereum is attempting to stabilize around the $2,000 level as the broader crypto market shows tentative signs of relief. After weeks of persistent pressure, price action has paused its decline, but sentiment remains fragile. The recent rebound has helped eas…",2026-02-28T01:00:59Z,newsBTC,0.0,0.0
Year Of The Underdog: Why Dogecoin Is On The Verge Of A Major Recovery,"It has been a brutal few months for Dogecoin in terms of price action. At the time of writing, Dogecoin is trading just below $0.10, below all of its moving averages, and sitting more than 86% below its all-time high.  The price action looks bad for Dogecoin;…",2026-02-28T01:00:54Z,Bitcoinist,0.0,0.0
Undervalued but structurally weak: Bitcoin’s current cycle paradox,"The MVRV Z-score reached -3.38 in the first week of February. The previous two cycle bottoms saw readings of -1.6 and -1.4, respectively.",2026-02-28T01:00:08Z,Ambcrypto.com,-0.6652,0.9809949933232692
Our Leaders Couldn’t Fix Our Problems If They Wanted To (And They Don’t Want To),"Our leaders are not wise or insightful. They’re not even particularly intelligent. Our society is led by plutocrats who only know how to make more money, by unelected empire managers who only know how to dominate and control, and by elected politicians who on…",2026-02-28T01:00:00Z,Activistpost.com,-0.34,0.5048644211565936
BTC yearly returns outperformed by first ever onchain fund memecoin!,"DUBAI, United Arab Emirates, Feb. 28, 2026 (GLOBE NEWSWIRE) -- A new Solana-based project called $MACRO may have just done something no memecoin has done before: built a self-funding mechanism that automatically buys its own token every time Michael Saylor po…",2026-02-28T01:00:00Z,GlobeNewswire,0.0,0.0
Tether Has Blocked $3.5 Billion in Crime-Linked Stablecoins Since 2023,"Tether has frozen $3.5 billion of its stablecoins since 2023 and a total of $4.2 billion since the company’s launch, in cases where the tokens were linked to illicit activity, a company spokesperson told Reuters in a report published Friday (Feb. 27). The sta…",2026-02-28T00:41:42Z,pymnts.com,-0.2732,0.4059239225707747
Crypto Policy Turning Point: Blockchain Devs Could Gain Legal Shield,"Building software has never been against the law. But in recent years, some crypto and blockchain developers have found themselves facing federal criminal charges simply for creating tools that others used to move cryptocurrency — even when those developers n…",2026-02-28T00:00:30Z,Bitcoinist,0.5994,0.8040047975017273
Crypto Mixing Is Back — And Criminals Adapted Faster Than The Rules Did,"When US crypto regulators cracked down on Tornado Cash in 2022, the assumption was simple: shut down the tool, shut down the problem. It didn’t work out that way. Related Reading: Is Bitcoin The Poor Man’s Hedge Against Inflation? Coinbase CEO Thinks So New r…",2026-02-28T00:00:08Z,newsBTC,-0.5719,0.7092156935016986
$13 XRP Target In View As Heavy XRP Capitulation Mirrors 2022 Bottom That Preceded Rocket Rally,"XRP endured a choppy week, trading sideways on Friday after a turbulent stretch across the broader cryptocurrency market.",2026-02-27T23:19:01Z,ZyCrypto,0.0,0.0
